-- phpMyAdmin SQL Dump
-- version 4.0.10.12
-- http://www.phpmyadmin.net
--
-- Client: localhost
-- Généré le: Lun 14 Mars 2016 à 17:03
-- Version du serveur: 5.1.73
-- Version de PHP: 5.3.3

SET SQL_MODE = "NO_AUTO_VALUE_ON_ZERO";
SET time_zone = "+00:00";


/*!40101 SET @OLD_CHARACTER_SET_CLIENT=@@CHARACTER_SET_CLIENT */;
/*!40101 SET @OLD_CHARACTER_SET_RESULTS=@@CHARACTER_SET_RESULTS */;
/*!40101 SET @OLD_COLLATION_CONNECTION=@@COLLATION_CONNECTION */;
/*!40101 SET NAMES utf8 */;

--
-- Base de données: `risk`
--

--
-- Contenu de la table `continent`
--

INSERT INTO `continent` (`id_continent`, `nom`, `nb_pays`, `nb_renfort`) VALUES
(1, 'Europe', 7, 5),
(2, 'Asie', 12, 7),
(3, 'Amérique du Nord', 9, 5),
(4, 'Amérique du Sud', 4, 2),
(5, 'Afrique', 6, 3),
(6, 'Océanie', 4, 2);

--
-- Contenu de la table `pays`
--

INSERT INTO `pays` (`id_pays`, `nom`, `continent_id`) VALUES
(1, 'Grande-Bretagne', 1),
(2, 'Islande', 1),
(3, 'Europe du Nord', 1),
(4, 'Scandinavie', 1),
(5, 'Europe du Sud', 1),
(6, 'Ukraine', 1),
(7, 'Europe occidentale', 1),
(8, 'Afghanistan', 2),
(9, 'Chine', 2),
(10, 'Inde', 2),
(11, 'Tchita', 2),
(12, 'Japon', 2),
(13, 'Kamchatka', 2),
(14, 'Moyen-Orient', 2),
(15, 'Mongolie', 2),
(16, 'Siam', 2),
(17, 'Sibérie', 2),
(18, 'Oural', 2),
(19, 'Yakoutie', 2),
(20, 'Alaska', 3),
(21, 'Alberta', 3),
(22, 'Amérique centrale', 3),
(23, 'États de l''Est', 3),
(24, 'Groenland', 3),
(25, 'Territoires du Nord-Ouest', 3),
(26, 'Ontario', 3),
(27, 'Québec', 3),
(28, 'États de l''Ouest', 3),
(29, 'Argentine', 4),
(30, 'Brésil', 4),
(31, 'Pérou', 4),
(32, 'Venezuela', 4),
(33, 'Congo', 5),
(34, 'Afrique de l''Est', 5),
(35, 'Égypte', 5),
(36, 'Madagascar', 5),
(37, 'Afrique du Nord', 5),
(38, 'Afrique du Sud', 5),
(39, 'Australie Orientale', 6),
(40, 'Indonésie', 6),
(41, 'Nouvelle-Guinée', 6),
(42, 'Australie Occidentale', 6);

--
-- Contenu de la table `pays1_has_pays2`
--

INSERT INTO `pays1_has_pays2` (`id_pays1`, `id_pays2`) VALUES
(1, 2),
(1, 3),
(1, 4),
(1, 7),
(2, 1),
(2, 4),
(2, 24),
(3, 1),
(3, 4),
(3, 5),
(3, 6),
(3, 7),
(4, 1),
(4, 2),
(4, 3),
(4, 6),
(5, 3),
(5, 6),
(5, 7),
(5, 14),
(5, 35),
(5, 37),
(6, 3),
(6, 4),
(6, 5),
(6, 8),
(6, 14),
(6, 18),
(7, 1),
(7, 3),
(7, 5),
(7, 37),
(8, 6),
(8, 9),
(8, 10),
(8, 14),
(8, 18),
(9, 8),
(9, 10),
(9, 15),
(9, 16),
(9, 17),
(9, 18),
(10, 8),
(10, 9),
(10, 14),
(10, 16),
(11, 13),
(11, 15),
(11, 17),
(11, 19),
(12, 13),
(12, 15),
(13, 11),
(13, 12),
(13, 15),
(13, 19),
(13, 20),
(14, 5),
(14, 6),
(14, 8),
(14, 10),
(14, 34),
(14, 35),
(15, 9),
(15, 11),
(15, 12),
(15, 13),
(15, 17),
(16, 9),
(16, 10),
(16, 40),
(17, 9),
(17, 11),
(17, 15),
(17, 18),
(17, 19),
(18, 6),
(18, 8),
(18, 9),
(18, 17),
(19, 11),
(19, 13),
(19, 17),
(20, 13),
(20, 21),
(20, 25),
(21, 20),
(21, 25),
(21, 26),
(21, 28),
(22, 23),
(22, 28),
(22, 32),
(23, 22),
(23, 26),
(23, 27),
(23, 28),
(24, 2),
(24, 25),
(24, 26),
(24, 27),
(25, 20),
(25, 21),
(25, 24),
(25, 26),
(26, 21),
(26, 23),
(26, 24),
(26, 25),
(26, 27),
(26, 28),
(27, 23),
(27, 24),
(27, 26),
(28, 21),
(28, 22),
(28, 23),
(28, 26),
(29, 30),
(29, 31),
(30, 29),
(30, 31),
(30, 32),
(30, 37),
(31, 29),
(31, 30),
(31, 32),
(32, 22),
(32, 30),
(32, 31),
(33, 34),
(33, 37),
(33, 38),
(34, 14),
(34, 33),
(34, 35),
(34, 36),
(34, 37),
(34, 38),
(35, 5),
(35, 14),
(35, 34),
(35, 37),
(36, 34),
(36, 38),
(37, 5),
(37, 7),
(37, 30),
(37, 33),
(37, 34),
(37, 35),
(38, 33),
(38, 34),
(38, 36),
(39, 41),
(39, 42),
(40, 16),
(40, 41),
(40, 42),
(41, 39),
(41, 40),
(41, 42),
(42, 39),
(42, 40),
(42, 41);

--
-- Contenu de la table `statut_user`
--

INSERT INTO `statut_user` (`nom`) VALUES
('En Ligne'),
('Hors Ligne'),
('Occupé');

/*!40101 SET CHARACTER_SET_CLIENT=@OLD_CHARACTER_SET_CLIENT */;
/*!40101 SET CHARACTER_SET_RESULTS=@OLD_CHARACTER_SET_RESULTS */;
/*!40101 SET COLLATION_CONNECTION=@OLD_COLLATION_CONNECTION */;
